{
  "Members": [
    {
      "_type": "Class",
      "Name": "_VbScriptEngineErrClass",
      "Members": [
        {
          "_type": "Property",
          "Name": "Description",
          "Getter": {
            "_type": "PropertyGet",
            "Name": "Description",
            "IsPublic": true,
            "Members": []
          }
        },
        {
          "_type": "Property",
          "Name": "HelpContext",
          "Getter": {
            "_type": "PropertyGet",
            "Name": "HelpContext",
            "IsPublic": true,
            "Members": []
          }
        },
        {
          "_type": "Property",
          "Name": "HelpFile",
          "Getter": {
            "_type": "PropertyGet",
            "Name": "HelpFile",
            "IsPublic": true,
            "Members": []
          }
        },
        {
          "_type": "Property",
          "Name": "Number",
          "Getter": {
            "_type": "PropertyGet",
            "Name": "Number",
            "IsPublic": true,
            "Members": []
          }
        },
        {
          "_type": "Property",
          "Name": "Source",
          "Getter": {
            "_type": "PropertyGet",
            "Name": "Source",
            "IsPublic": true,
            "Members": []
          }
        },
        {
          "_type": "Function",
          "Name": "Clear",
          "IsPublic": true,
          "Members": []
        },
        {
          "_type": "Function",
          "Name": "Raise",
          "IsPublic": true,
          "Members": []
        }
      ],
      "Tags": []
    },
    {
      "_type": "Variable",
      "Name": "Err",
      "ErrMessage": "Err object has no equivalent translation.",
      "IsPublic": true,
      "TypeName": "_VbScriptEngineErrClass"
    },
    {
      "_type": "Variable",
      "Name": "me",
      "NewName": "this",
      "IsPublic": true
    },
    {
      "_type": "Class",
      "Name": "_anytype",
      "Members": [
        {
          "_type": "Property",
          "Name": "runtimestyle",
          "Getter": {
            "_type": "PropertyGet",
            "Name": "style",
            "IsPublic": true,
            "Members": []
          }
        }
      ],
      "Tags": []
    },
    {
      "_type": "Function",
      "Name": "Abs",
      "NewName": "Global.Abs",
      "IsPublic": true,
      "Members": []
    },
    {
      "_type": "Function",
      "Name": "Array",
      "IsPublic": true,
      "Members": []
    },
    {
      "_type": "Function",
      "Name": "Asc",
      "NewName": "Global.Asc",
      "IsPublic": true,
      "Members": []
    },
    {
      "_type": "Function",
      "Name": "Atn",
      "IsPublic": true,
      "Members": []
    },
    {
      "_type": "Function",
      "Name": "CBool",
      "NewName": "Global.CBool",
      "IsPublic": true,
      "Members": []
    },
    {
      "_type": "Function",
      "Name": "CByte",
      "IsPublic": true,
      "Members": []
    },
    {
      "_type": "Function",
      "Name": "CCur",
      "IsPublic": true,
      "Members": []
    },
    {
      "_type": "Function",
      "Name": "CDate",
      "IsPublic": true,
      "Members": []
    },
    {
      "_type": "Function",
      "Name": "CDbl",
      "NewName": "Global.CDbl",
      "IsPublic": true,
      "Members": []
    },
    {
      "_type": "Function",
      "Name": "CInt",
      "NewName": "Global.CInt",
      "IsPublic": true,
      "Members": []
    },
    {
      "_type": "Function",
      "Name": "CLng",
      "NewName": "Global.CLng",
      "IsPublic": true,
      "Members": []
    },
    {
      "_type": "Function",
      "Name": "Cos",
      "IsPublic": true,
      "Members": []
    },
    {
      "_type": "Function",
      "Name": "CreateObject",
      "NewName": "Global.external.CreateObject",
      "IsPublic": true,
      "Members": []
    },
    {
      "_type": "Function",
      "Name": "CSng",
      "NewName": "Global.CSng",
      "IsPublic": true,
      "Members": []
    },
    {
      "_type": "Function",
      "Name": "CStr",
      "NewName": "Global.CStr",
      "IsPublic": true,
      "Members": []
    },
    {
      "_type": "Function",
      "Name": "Date",
      "NewName": "Global.Date",
      "IsPublic": true,
      "Members": []
    },
    {
      "_type": "Function",
      "Name": "DateAdd",
      "IsPublic": true,
      "Members": []
    },
    {
      "_type": "Function",
      "Name": "DateDiff",
      "IsPublic": true,
      "Members": []
    },
    {
      "_type": "Function",
      "Name": "DatePart",
      "IsPublic": true,
      "Members": []
    },
    {
      "_type": "Function",
      "Name": "DateSerial",
      "IsPublic": true,
      "Members": []
    },
    {
      "_type": "Function",
      "Name": "DateValue",
      "IsPublic": true,
      "Members": []
    },
    {
      "_type": "Function",
      "Name": "Day",
      "NewName": "Global.Day",
      "IsPublic": true,
      "Members": []
    },
    {
      "_type": "Function",
      "Name": "Eval",
      "ErrMessage": "Eval has no equivalent translation.",
      "IsPublic": true,
      "Members": []
    },
    {
      "_type": "Function",
      "Name": "Execute",
      "ErrMessage": "Execute has no equivalent translation.",
      "IsPublic": true,
      "Members": []
    },
    {
      "_type": "Function",
      "Name": "Exp",
      "IsPublic": true,
      "Members": []
    },
    {
      "_type": "Function",
      "Name": "Filter",
      "IsPublic": true,
      "Members": []
    },
    {
      "_type": "Function",
      "Name": "Fix",
      "NewName": "Global.Fix",
      "IsPublic": true,
      "Members": []
    },
    {
      "_type": "Function",
      "Name": "FormatCurrency",
      "IsPublic": true,
      "Members": []
    },
    {
      "_type": "Function",
      "Name": "FormatDateTime",
      "IsPublic": true,
      "Members": []
    },
    {
      "_type": "Function",
      "Name": "FormatNumber",
      "NewName": "Global.FormatNumber",
      "IsPublic": true,
      "Members": []
    },
    {
      "_type": "Function",
      "Name": "FormatPercent",
      "IsPublic": true,
      "Members": []
    },
    {
      "_type": "Function",
      "Name": "GetLocale",
      "IsPublic": true,
      "Members": []
    },
    {
      "_type": "Function",
      "Name": "GetObject",
      "IsPublic": true,
      "Members": []
    },
    {
      "_type": "Function",
      "Name": "GetRef",
      "NewName": "Global.GetRef",
      "IsPublic": true,
      "Members": []
    },
    {
      "_type": "Function",
      "Name": "Hex",
      "NewName": "Global.Hex",
      "IsPublic": true,
      "Members": []
    },
    {
      "_type": "Function",
      "Name": "Hour",
      "NewName": "Global.Hour",
      "IsPublic": true,
      "Members": []
    },
    {
      "_type": "Function",
      "Name": "Chr",
      "NewName": "Global.Chr",
      "IsPublic": true,
      "Members": []
    },
    {
      "_type": "Function",
      "Name": "InputBox",
      "IsPublic": true,
      "Members": []
    },
    {
      "_type": "Function",
      "Name": "InStr",
      "NewName": "Global.InStr",
      "IsPublic": true,
      "Members": []
    },
    {
      "_type": "Function",
      "Name": "InStrRev",
      "NewName": "Global.InStrRev",
      "IsPublic": true,
      "Members": []
    },
    {
      "_type": "Function",
      "Name": "Int",
      "NewName": "Global.Int",
      "IsPublic": true,
      "Members": []
    },
    {
      "_type": "Function",
      "Name": "IsArray",
      "NewName": "Global.IsArray",
      "IsPublic": true,
      "Members": []
    },
    {
      "_type": "Function",
      "Name": "IsDate",
      "NewName": "Global.IsDate",
      "IsPublic": true,
      "Members": []
    },
    {
      "_type": "Function",
      "Name": "IsEmpty",
      "NewName": "Global.IsEmpty",
      "IsPublic": true,
      "Members": []
    },
    {
      "_type": "Function",
      "Name": "IsNull",
      "NewName": "Global.IsNullOrUndefined",
      "IsPublic": true,
      "Members": []
    },
    {
      "_type": "Function",
      "Name": "IsNumeric",
      "NewName": "Global.IsNumeric",
      "IsPublic": true,
      "Members": []
    },
    {
      "_type": "Function",
      "Name": "IsObject",
      "NewName": "Global.IsObject",
      "IsPublic": true,
      "Members": []
    },
    {
      "_type": "Function",
      "Name": "Join",
      "NewName": "Global.Join",
      "IsPublic": true,
      "Members": []
    },
    {
      "_type": "Function",
      "Name": "LBound",
      "NewName": "Global.LBound",
      "IsPublic": true,
      "Members": []
    },
    {
      "_type": "Function",
      "Name": "LCase",
      "NewName": "Global.LCase",
      "IsPublic": true,
      "Members": []
    },
    {
      "_type": "Function",
      "Name": "Left",
      "NewName": "Global.Left",
      "IsPublic": true,
      "Members": []
    },
    {
      "_type": "Function",
      "Name": "Len",
      "NewName": "Global.Len",
      "IsPublic": true,
      "Members": []
    },
    {
      "_type": "Function",
      "Name": "LoadPicture",
      "IsPublic": true,
      "Members": []
    },
    {
      "_type": "Function",
      "Name": "Log",
      "IsPublic": true,
      "Members": []
    },
    {
      "_type": "Function",
      "Name": "LTrim",
      "NewName": "Global.LTrim",
      "IsPublic": true,
      "Members": []
    },
    {
      "_type": "Function",
      "Name": "Mid",
      "NewName": "Global.Mid",
      "IsPublic": true,
      "Members": []
    },
    {
      "_type": "Function",
      "Name": "Minute",
      "NewName": "Global.Minute",
      "IsPublic": true,
      "Members": []
    },
    {
      "_type": "Function",
      "Name": "Month",
      "NewName": "Global.Month",
      "IsPublic": true,
      "Members": []
    },
    {
      "_type": "Function",
      "Name": "MonthName",
      "IsPublic": true,
      "Members": []
    },
    {
      "_type": "Function",
      "Name": "MsgBox",
      "NewName": "Global.external.MsgBox",
      "IsPublic": true,
      "Members": []
    },
    {
      "_type": "Function",
      "Name": "Now",
      "NewName": "Global.Now",
      "IsPublic": true,
      "Members": []
    },
    {
      "_type": "Function",
      "Name": "Oct",
      "IsPublic": true,
      "Members": []
    },
    {
      "_type": "Function",
      "Name": "Replace",
      "NewName": "Global.Replace",
      "IsPublic": true,
      "Members": []
    },
    {
      "_type": "Function",
      "Name": "RGB",
      "NewName": "Global.RGB",
      "IsPublic": true,
      "Members": []
    },
    {
      "_type": "Function",
      "Name": "Right",
      "NewName": "Global.Right",
      "IsPublic": true,
      "Members": []
    },
    {
      "_type": "Function",
      "Name": "Rnd",
      "IsPublic": true,
      "Members": []
    },
    {
      "_type": "Function",
      "Name": "Round",
      "NewName": "Global.Round",
      "IsPublic": true,
      "Members": []
    },
    {
      "_type": "Function",
      "Name": "RTrim",
      "NewName": "Global.RTrim",
      "IsPublic": true,
      "Members": []
    },
    {
      "_type": "Function",
      "Name": "ScriptEngine",
      "IsPublic": true,
      "Members": []
    },
    {
      "_type": "Function",
      "Name": "ScriptEngineBuildVersion",
      "IsPublic": true,
      "Members": []
    },
    {
      "_type": "Function",
      "Name": "ScriptEngineMajorVersion",
      "IsPublic": true,
      "Members": []
    },
    {
      "_type": "Function",
      "Name": "ScriptEngineMinorVersion",
      "IsPublic": true,
      "Members": []
    },
    {
      "_type": "Function",
      "Name": "Second",
      "NewName": "Global.Second",
      "IsPublic": true,
      "Members": []
    },
    {
      "_type": "Function",
      "Name": "SetLocale",
      "IsPublic": true,
      "Members": []
    },
    {
      "_type": "Function",
      "Name": "Sgn",
      "IsPublic": true,
      "Members": []
    },
    {
      "_type": "Function",
      "Name": "Sin",
      "IsPublic": true,
      "Members": []
    },
    {
      "_type": "Function",
      "Name": "Space",
      "NewName": "Global.Space",
      "IsPublic": true,
      "Members": []
    },
    {
      "_type": "Function",
      "Name": "Split",
      "NewName": "Global.Split",
      "IsPublic": true,
      "Members": []
    },
    {
      "_type": "Function",
      "Name": "Sqr",
      "IsPublic": true,
      "Members": []
    },
    {
      "_type": "Function",
      "Name": "StrComp",
      "NewName": "Global.StrComp",
      "IsPublic": true,
      "Members": []
    },
    {
      "_type": "Function",
      "Name": "String",
      "NewName": "Global.String",
      "IsPublic": true,
      "Members": []
    },
    {
      "_type": "Function",
      "Name": "StrReverse",
      "NewName": "Global.StrReverse",
      "IsPublic": true,
      "Members": []
    },
    {
      "_type": "Function",
      "Name": "Tan",
      "IsPublic": true,
      "Members": []
    },
    {
      "_type": "Function",
      "Name": "Time",
      "IsPublic": true,
      "Members": []
    },
    {
      "_type": "Function",
      "Name": "Timer",
      "IsPublic": true,
      "Members": []
    },
    {
      "_type": "Function",
      "Name": "TimeSerial",
      "IsPublic": true,
      "Members": []
    },
    {
      "_type": "Function",
      "Name": "TimeValue",
      "IsPublic": true,
      "Members": []
    },
    {
      "_type": "Function",
      "Name": "Trim",
      "NewName": "Global.Trim",
      "IsPublic": true,
      "Members": []
    },
    {
      "_type": "Function",
      "Name": "TypeName",
      "ErrMessage": "TypeName has no equivalent translation.",
      "IsPublic": true,
      "Members": []
    },
    {
      "_type": "Function",
      "Name": "UBound",
      "NewName": "Global.UBound",
      "IsPublic": true,
      "Members": []
    },
    {
      "_type": "Function",
      "Name": "UCase",
      "NewName": "Global.UCase",
      "IsPublic": true,
      "Members": []
    },
    {
      "_type": "Function",
      "Name": "VarType",
      "ErrMessage": "VarType has no equivalent translation.",
      "IsPublic": true,
      "Members": []
    },
    {
      "_type": "Function",
      "Name": "Weekday",
      "IsPublic": true,
      "Members": []
    },
    {
      "_type": "Function",
      "Name": "WeekdayName",
      "IsPublic": true,
      "Members": []
    },
    {
      "_type": "Function",
      "Name": "Year",
      "NewName": "Global.Year",
      "IsPublic": true,
      "Members": []
    },
    {
      "_type": "Function",
      "Name": "Randomize",
      "IsPublic": true,
      "Members": []
    },
    {
      "_type": "Variable",
      "Name": "external",
      "NewName": "Global.external",
      "IsPublic": true
    },
    {
      "_type": "Constant",
      "Name": "vbObjectError",
      "NewName": "Global.vbObjectError",
      "IsPublic": true
    },
    {
      "_type": "Constant",
      "Name": "vbTrue",
      "NewName": "Global.vbTrue",
      "IsPublic": true
    },
    {
      "_type": "Constant",
      "Name": "vbFalse",
      "NewName": "Global.vbFalse",
      "IsPublic": true
    },
    {
      "_type": "Constant",
      "Name": "vbEmpty",
      "NewName": "Global.typeEmpty",
      "IsPublic": true
    },
    {
      "_type": "Constant",
      "Name": "vbNull",
      "NewName": "Global.typeNull",
      "IsPublic": true
    },
    {
      "_type": "Constant",
      "Name": "vbBoolean",
      "NewName": "Global.typeBoolean",
      "IsPublic": true
    },
    {
      "_type": "Constant",
      "Name": "vbByte",
      "NewName": "Global.typeByte",
      "IsPublic": true
    },
    {
      "_type": "Constant",
      "Name": "vbInteger",
      "NewName": "Global.typeInteger",
      "IsPublic": true
    },
    {
      "_type": "Constant",
      "Name": "vbLong",
      "NewName": "Global.typeLong",
      "IsPublic": true
    },
    {
      "_type": "Constant",
      "Name": "vbSingle",
      "NewName": "Global.typeSingle",
      "IsPublic": true
    },
    {
      "_type": "Constant",
      "Name": "vbDouble",
      "NewName": "Global.typeDouble",
      "IsPublic": true
    },
    {
      "_type": "Constant",
      "Name": "vbDate",
      "NewName": "Global.typeDate",
      "IsPublic": true
    },
    {
      "_type": "Constant",
      "Name": "vbString",
      "NewName": "Global.typeString",
      "IsPublic": true
    },
    {
      "_type": "Constant",
      "Name": "vbObject",
      "NewName": "Global.typeObject",
      "IsPublic": true
    },
    {
      "_type": "Constant",
      "Name": "vbArray",
      "NewName": "Global.typeArray",
      "IsPublic": true
    },
    {
      "_type": "Constant",
      "Name": "vbCr",
      "NewName": "Global.Cr",
      "IsPublic": true
    },
    {
      "_type": "Constant",
      "Name": "vbCrLf",
      "NewName": "Global.CrLf",
      "IsPublic": true
    },
    {
      "_type": "Constant",
      "Name": "vbFormFeed",
      "NewName": "Global.FormFeed",
      "IsPublic": true
    },
    {
      "_type": "Constant",
      "Name": "vbLf",
      "NewName": "Global.Lf",
      "IsPublic": true
    },
    {
      "_type": "Constant",
      "Name": "vbNewLine",
      "NewName": "Global.NewLine",
      "IsPublic": true
    },
    {
      "_type": "Constant",
      "Name": "vbNullChar",
      "NewName": "Global.NullChar",
      "IsPublic": true
    },
    {
      "_type": "Constant",
      "Name": "vbNullString",
      "NewName": "Global.NullString",
      "IsPublic": true
    },
    {
      "_type": "Constant",
      "Name": "vbTab",
      "NewName": "Global.Tab",
      "IsPublic": true
    },
    {
      "_type": "Constant",
      "Name": "vbVerticalTab",
      "NewName": "Global.VerticalTab",
      "IsPublic": true
    },
    {
      "_type": "Constant",
      "Name": "vbSunday",
      "NewName": "Global.Sunday",
      "IsPublic": true
    },
    {
      "_type": "Constant",
      "Name": "vbMonday",
      "NewName": "Global.Monday",
      "IsPublic": true
    },
    {
      "_type": "Constant",
      "Name": "vbTuesday",
      "NewName": "Global.Tuesday",
      "IsPublic": true
    },
    {
      "_type": "Constant",
      "Name": "vbWednesday",
      "NewName": "Global.Wednesday",
      "IsPublic": true
    },
    {
      "_type": "Constant",
      "Name": "vbThursday",
      "NewName": "Global.Thursday",
      "IsPublic": true
    },
    {
      "_type": "Constant",
      "Name": "vbFriday",
      "NewName": "Global.Friday",
      "IsPublic": true
    },
    {
      "_type": "Constant",
      "Name": "vbSaturday",
      "NewName": "Global.Saturday",
      "IsPublic": true
    },
    {
      "_type": "Constant",
      "Name": "vbUseSystemDayOfWeek",
      "NewName": "Global.UseSystemDayOfWeek",
      "IsPublic": true
    },
    {
      "_type": "Constant",
      "Name": "vbLongDate",
      "NewName": "Global.fmtLongDate",
      "IsPublic": true
    },
    {
      "_type": "Constant",
      "Name": "vbShortDate",
      "NewName": "Global.fmtShortDate",
      "IsPublic": true
    },
    {
      "_type": "Constant",
      "Name": "vbLongTime",
      "NewName": "Global.fmtLongTime",
      "IsPublic": true
    },
    {
      "_type": "Constant",
      "Name": "vbShortTime",
      "NewName": "Global.fmtShortTime",
      "IsPublic": true
    },
    {
      "_type": "Constant",
      "Name": "vbOKOnly",
      "NewName": "Global.msgOKOnly",
      "IsPublic": true
    },
    {
      "_type": "Constant",
      "Name": "vbOKCancel",
      "NewName": "Global.msgOKCancel",
      "IsPublic": true
    },
    {
      "_type": "Constant",
      "Name": "vbAbortRetryIgnore",
      "NewName": "Global.msgAbortRetryIgnore",
      "IsPublic": true
    },
    {
      "_type": "Constant",
      "Name": "vbYesNoCancel",
      "NewName": "Global.msgYesNoCancel",
      "IsPublic": true
    },
    {
      "_type": "Constant",
      "Name": "vbYesNo",
      "NewName": "Global.msgYesNo",
      "IsPublic": true
    },
    {
      "_type": "Constant",
      "Name": "vbRetryCancel",
      "NewName": "Global.msgRetryCancel",
      "IsPublic": true
    },
    {
      "_type": "Constant",
      "Name": "vbCritical",
      "NewName": "Global.msgCritical",
      "IsPublic": true
    },
    {
      "_type": "Constant",
      "Name": "vbQuestion",
      "NewName": "Global.msgQuestion",
      "IsPublic": true
    },
    {
      "_type": "Constant",
      "Name": "vbExclamation",
      "NewName": "Global.msgExclamation",
      "IsPublic": true
    },
    {
      "_type": "Constant",
      "Name": "vbInformation",
      "NewName": "Global.msgInformation",
      "IsPublic": true
    },
    {
      "_type": "Constant",
      "Name": "vbDefaultButton1",
      "NewName": "Global.msgDefaultButton1",
      "IsPublic": true
    },
    {
      "_type": "Constant",
      "Name": "vbDefaultButton2",
      "NewName": "Global.msgDefaultButton2",
      "IsPublic": true
    },
    {
      "_type": "Constant",
      "Name": "vbDefaultButton3",
      "NewName": "Global.msgDefaultButton3",
      "IsPublic": true
    },
    {
      "_type": "Constant",
      "Name": "vbDefaultButton4",
      "NewName": "Global.msgDefaultButton4",
      "IsPublic": true
    },
    {
      "_type": "Constant",
      "Name": "vbApplicationModal",
      "NewName": "Global.msgApplicationModal",
      "IsPublic": true
    },
    {
      "_type": "Constant",
      "Name": "vbSystemModal",
      "NewName": "Global.msgSystemModal",
      "IsPublic": true
    },
    {
      "_type": "Constant",
      "Name": "vbOK",
      "NewName": "Global.msgOK",
      "IsPublic": true
    },
    {
      "_type": "Constant",
      "Name": "vbCancel",
      "NewName": "Global.msgCancel",
      "IsPublic": true
    },
    {
      "_type": "Constant",
      "Name": "vbAbort",
      "NewName": "Global.msgAbort",
      "IsPublic": true
    },
    {
      "_type": "Constant",
      "Name": "vbRetry",
      "NewName": "Global.msgRetry",
      "IsPublic": true
    },
    {
      "_type": "Constant",
      "Name": "vbIgnore",
      "NewName": "Global.msgIgnore",
      "IsPublic": true
    },
    {
      "_type": "Constant",
      "Name": "vbYes",
      "NewName": "Global.msgYes",
      "IsPublic": true
    },
    {
      "_type": "Constant",
      "Name": "vbNo",
      "NewName": "Global.msgNo",
      "IsPublic": true
    },
    {
      "_type": "Constant",
      "Name": "vbBinaryCompare",
      "NewName": "Global.BinaryCompare",
      "IsPublic": true
    },
    {
      "_type": "Constant",
      "Name": "vbTextCompare",
      "NewName": "Global.TextCompare",
      "IsPublic": true
    }
  ],
  "Tags": []
}